﻿<?xml version="1.0" encoding="UTF-16"?>
<Task version="1.3" xmlns="http://schemas.microsoft.com/windows/2004/02/mit/task">
  <RegistrationInfo>
    <Description>Lab persist task - benign</Description>
    <URI>\LabPersist</URI>
  </RegistrationInfo>
  <Principals>
    <Principal id="Author">
      <UserId>S-1-5-18</UserId>
      <RunLevel>HighestAvailable</RunLevel>
    </Principal>
  </Principals>
  <Settings>
    <DisallowStartIfOnBatteries>true</DisallowStartIfOnBatteries>
    <StopIfGoingOnBatteries>true</StopIfGoingOnBatteries>
    <MultipleInstancesPolicy>IgnoreNew</MultipleInstancesPolicy>
    <IdleSettings>
      <Duration>PT10M</Duration>
      <WaitTimeout>PT1H</WaitTimeout>
      <StopOnIdleEnd>true</StopOnIdleEnd>
      <RestartOnIdle>false</RestartOnIdle>
    </IdleSettings>
    <UseUnifiedSchedulingEngine>true</UseUnifiedSchedulingEngine>
  </Settings>
  <Triggers>
    <BootTrigger />
  </Triggers>
  <Actions Context="Author">
    <Exec>
      <Command>PowerShell.exe</Command>
      <Arguments>-NoProfile -WindowStyle Hidden -ExecutionPolicy Bypass -File "C:\Users\Public\lab_persist.ps1"</Arguments>
    </Exec>
  </Actions>
</Task>
